magazine	corner	products	month	image
Domani　1月号	自然のチカラを借りてこの冬、乾き知らずの女に(P230, 231)	オーセンティック  ネクターNNオーセンティック  バームNNオーセンティック  オイルNNオーセンティック  バター	1	domani_2014_01_01.jpg
LEON　1月号	毎日の頭皮＆ヘアケアがモテるオヤジの新習慣(P264,265)NN読者アンケートプレゼント(P340)	ナチュラルテック　シャンプー＜E＞NNナチュラルテック　スカルプローション＜E＞NNナチュラルテック　シャンプー＜R＞NNナチュラルテック　シャンプー＜W＞NNナチュラルテック　スクラブ　シャンプー＜D＞NNナチュラルテック　コンディショナー＜W＞NNナチュラルテック　シャンプー＜N＞NNナチュラルテック　シャンプー＜C＞	1	leon_2013_01_01.jpg
FIGARO　1月号	美の可能性が詰まった、小粋なコフレボックス(P252,253)	"モアインサイド　ブルーノNNモアインサイド　マリオ
"	1	figaro_2013_01_01.jpg
marie claire　2013Vol.02 NO.14	ひとつあれば、顔・体・髪とマルチに使える！バーム＆バターでこの冬は乾き知らず(P39)NN注目の限定商品を紹介！（P45）	オーセンティック　ネクターNNオーセンティック　バームNNオーセンティック　オイルNNオーセンティック　バターNNモアインサイド　ブルーノNNモアインサイド　マリオ	1	marieclaire_2013_11_01.jpg
STORY　1月号	40代的痛くならない華やぎHAIR(P73,75)NNヘアケアで髪も心も癒されたい！(P262,263)	ナチュラルテック　ヘアミスト＜N＞NNオイ　オイル　LNNナチュラルテック　シャンプー＜E＞NNナチュラルテック　シャンプー＜N＞NNナチュラルテック　シャンプー＜R＞NNナチュラルテック　スクラブ　シャンプー＜D＞NNナチュラルテック　シャンプー＜C＞NNナチュラルテック　シャンプー＜W＞NNナチュラルテック　スカルプローション＜E＞NNナチュラルテック　コンディショナー＜W＞NNナチュラルテック　コンディショナー＜N＞NNナチュラルテック　マッサージ　コンセントレイト＜W＞	1	story_2013_01_01.jpg
voce　1月号	売れてるオーガニックコスメ(P80)	オイ　オイルL	1	voce_2013_01_01.jpg
PREPPY　1月号	軽さが続く、絶妙なバランスのヘオイル（P12）	オイ　オイルL	1	preppy201301-1.jpg
NYLON　JAPAN　2月号	"愛用している香りアイテムをおしえて！（P125）


"	オイ　オイル	2	nylonjapan201402-1.jpg
re-quest/QJ　vol.4	美活のアイデアがいっぱい最新お風呂ビューティ（P2）	ナチュラルテック　スカルプローション＜E＞	2	requestqj_2014_01.jpg
STORY 2月号	冬だけはトリートメントに命をかけて！（P49）	オイ　オイル　L	2	story201402-1.jpg
ナチュリラ　vol.24	"ナチュリラおしゃれさんに聞きました！“冬のきれい”のヒント（P84）


"	オーセンティック　バター	2	natyurira2013vol.24_01.jpg
PREPPY　2月号	軽さが続く、絶妙なバランスのヘオイル（P14）	オイ　オイル　L	2	preppy201402_01.jpg
GINZA　2月号	GINZA男子部＊ビューティー班　Vol.06（P25）	モアインサイド　マルセルNNモアインサイド　ブルーノ	2	ginza201402_01.jpg
女性自身　2月11号	"美賢人によるリアル投票！お墨付きヘアオイルを一気にご紹介（P113）
"	オイ　オイル	2	jyoseijisn_20140211_01.jpg
オレンジページ　2月17日号	今月のプレゼント（P132）	オイ　オイル　L	2	orenjipage20140217_01.jpg
美ST　3月号	"本当は怖い！真冬の「頭皮荒れ」（P102）
"	ナチュラルテック　マッサージ　コンセントレイト＜W＞	3	bist_2014_02_01.jpg
"美的　3月号
"	顔に化粧水をつけるように、頭皮にも毎日エッセンスを！（P114）NN頭皮と髪の週末オイルパックで毛先までまとまる髪に(P115）NN話題のコスメ発売日早わかりNEWS(P261)NN編集スタッフがお先にチェック！（P266）  	ナチュラルテック　スカルプローション＜E＞NNオーセンティック　オイルNNモアインサイド　ルチアーノNNモアインサイド　マリオ	3	biteki201403_01.jpg
ELLE japan 3月号	ELLE　BUZZ　BEAUTY FOCUS トップ5(P49)	モアインサイド　ルチアーノNNモアインサイド　マリオNNモアインサイド　トニーNNモアインサイド　ジーナ	3	ellejapan201403_01.jpg
GISELe　3月号	ナチュラル系ヘアケアで美髪をつくること！（P136）	ナチュラルテック　スカルプローション＜E＞	3	gisele_2014_03_01.jpg
Harper's BAZAAR　3月号	Beauty BAZAAR(P233)	モアインサイド　ルチアーノ	3	harpersbazaar201403_01.jpg
MAQUIA　3月号	美女子ネタ（P22）NNアウトバストリートメントお試し会！（P73）	モアインサイド　トニーNNモアインサイド　マリオNNオイ　オイル　L	3	maquia_2014_03_01.jpg
MORE　3月号	"旬のヘア帳　今こそ小悩み解消！ヘアケア＆スタイリングQ&A(P86)
"	モアインサイド　マリオ	3	more201403_01.jpg
oggi　3月号	"ビューティコーディネータートワコの部屋（P239）
"	モアインサイド　マリオNNモアインサイド　ルチアーノ	3	oggi_2014_01.jpg
Safari　3月号	"潮風のダメージを回復させるサロン仕様の自然派シャンプー（P211）
"	ナチュラルテック　シャンプー＜E＞	3	safari_2014_03_01.jpg
SAVVY　3月号	"BEAUTY　NOTE　男の子にあげたいコスメ(P126)
"	モアインサイド　マリオNNモアインサイド　ブルーノNNモアインサイド　マルセル	3	savvy201403-1.jpg
SPRING　3月号	ヘアアレンジと小物で小顔塾(P113)	オーセンティック　バター	3	spring201403_01.jpg
steady　3月号	オフィスで使える！3分ヘアアレンジ（P103）	オイ　オイル	3	stery201403-1.jpg
FRAU　3月号	キレイのたくらみ　“おめざ投入”（P137）	モアインサイド　マルセル	3	frau201403_01.jpg
SPUR　4月号	"今チェックすべきベストナチュラル＆オーガニック・レーベル（P381）
"	オイ　オイル　L	4	spur201404-1.jpg
MEN'S CLUB　4月号	"美貌男のモバイル美容にはテクがある（P297）
"	モアインサイド　マルセル	4	mensclub201404-1.jpg
OCEANS　4月号	OCEANS　INDEX(P21)	モアインサイド　マルセルNNモアインサイド　ブルーノNNモアインサイド　ジーナ	4	oceans201404-1.jpg
re-quest/QJ　Vol.06　	2014SS　HAIR　COLLECTION（P64）	モアインサイド　ルチアーノNNモアインサイド　チェリー	4	requesrQJ201403_01.jpg
初めてでも簡単！かわいい！ヘアアレンジ	"スタイリング剤図鑑（P90,92,95）
"	モアインサイド　マリオNNモアインサイド　アントニオNNオーセンティック　オイル	4	spring_2014_03_01.jpg
美的　4月号	"“しなやかな髪”はこのケアから生まれる！（P151）
"	ナチュラルテック　シャンプー＜N＞NNナチュラルテック　コンディショナー＜N＞	4	biteki201404-1.jpg
