name	recommend
ナチュラルテック　シャンプー＜Ｅ＞	ナチュラルテック　コンディショナー＜Ｎ＞
ナチュラルテック　シャンプー＜Ｅ＞	オイ　オイル
ナチュラルテック　シャンプー＜Ｅ＞	モアインサイド　チェリー
ナチュラルテック　シャンプー＜Ｅ＞	モアインサイド　アントニオ
ナチュラルテック　シャンプー＜Ｎ＞　	ナチュラルテック　コンディショナー＜Ｎ＞
ナチュラルテック　シャンプー＜Ｎ＞　	ナチュラルテック　コンディショナー＜Ｗ＞
ナチュラルテック　シャンプー＜Ｎ＞　	オイ　オイル
ナチュラルテック　シャンプー＜Ｎ＞　	モアインサイド　チェリー
ナチュラルテック　コンディショナー＜Ｎ＞	ナチュラルテック　シャンプー＜Ｎ＞
ナチュラルテック　コンディショナー＜Ｎ＞	ナチュラルテック　シャンプー＜Ｗ＞
ナチュラルテック　コンディショナー＜Ｎ＞	オイ　オイル
ナチュラルテック　コンディショナー＜Ｎ＞	モアインサイド　マルセル
ナチュラルテック　トラベルキット＜Ｗ＞	オイ　オイル
ナチュラルテック　トラベルキット＜Ｗ＞	モアインサイド　マリオ
ナチュラルテック　トラベルキット＜Ｗ＞	モアインサイド　ルチアーノ
ナチュラルテック　トラベルキット＜Ｗ＞	ナチュラルテック　ヘアパック＜Ｎ＞
モアインサイド　チェリー	ナチュラルテック　シャンプー＜Ｅ＞
モアインサイド　チェリー	ナチュラルテック　スクラブ　シャンプー＜Ｄ＞
モアインサイド　チェリー	オイ　オイル
モアインサイド　チェリー	オーセンティック　ネクター
オーセンティック　バーム	オーセンティック　ネクター
オーセンティック　バーム	ナチュラルテック　シャンプー＜Ｎ＞
オーセンティック　バーム	ナチュラルテック　シャンプー＜Ｅ＞
オーセンティック　バーム	オイ　オイル
モアインサイド　ルチアーノ	ナチュラルテック　シャンプー＜Ｅ＞
モアインサイド　ルチアーノ	ナチュラルテック　コンディショナー＜Ｎ＞
モアインサイド　ルチアーノ	オイ　オイル　Ｌ
モアインサイド　ルチアーノ	ナチュラルテック　トラベルキット＜Ｗ＞
オイ　オイル	ナチュラルテック　シャンプー＜Ｎ＞
オイ　オイル	ナチュラルテック　シャンプー＜Ｅ＞
オイ　オイル	オーセンティック　バーム
オイ　オイル	モアインサイド　マリオ
オイ　オイル　Ｌ	ナチュラルテック　トラベルキット＜Ｎ＞
オイ　オイル　Ｌ	ナチュラルテック　シャンプー＜Ｅ＞
オイ　オイル　Ｌ	オーセンティック　ネクター
オイ　オイル　Ｌ	モアインサイド　チェリー
ナチュラルテック　コンディショナー＜Ｗ＞	ナチュラルテック　シャンプー＜Ｗ＞
ナチュラルテック　コンディショナー＜Ｗ＞	ナチュラルテック　シャンプー＜Ｎ＞
ナチュラルテック　コンディショナー＜Ｗ＞	オイ　オイルＬ
ナチュラルテック　コンディショナー＜Ｗ＞	モアインサイド　バッファ
オーセンティック　ネクター	ナチュラルテック　ヘアパック＜Ｎ＞
オーセンティック　ネクター	ナチュラルテック　コンディショナー＜Ｗ＞
オーセンティック　ネクター	オイ　オイル
オーセンティック　ネクター	オーセンティック　バーム
オイ　シャンプー	オイ　コンディショナー
オイ　シャンプー	オイ　オイル
オイ　シャンプー	オイ　ミルク
オイ　シャンプー	モアインサイド　マルセル
オイ　コンディショナー	オイ　シャンプー
オイ　コンディショナー	オイ　ミルク
オイ　コンディショナー	オイ　オイル　Ｌ
オイ　コンディショナー	ナチュラルテック　シャンプー＜Ｎ＞
オイ　ミルク	オイ　シャンプー
オイ　ミルク	オイ　コンディショナー
オイ　ミルク	オイ　オイル
オイ　ミルク	ナチュラルテック　トラベルキット＜Ｎ＞
