postalcode	city	address
431400	奥尻郡奥尻町	以下に掲載がない場合
431401	奥尻郡奥尻町	奥尻
431402	奥尻郡奥尻町	赤石
431403	奥尻郡奥尻町	球浦
431404	奥尻郡奥尻町	宮津
431405	奥尻郡奥尻町	稲穂
431406	奥尻郡奥尻町	湯浜（その他）
431521	奥尻郡奥尻町	青苗
431522	奥尻郡奥尻町	富里
431523	奥尻郡奥尻町	松江
431524	奥尻郡奥尻町	米岡
431525	奥尻郡奥尻町	湯浜（神威脇、幌内）
783871	苫前郡羽幌町	焼尻
783951	苫前郡羽幌町	天売（相影）
783952	苫前郡羽幌町	天売（富磯）
783953	苫前郡羽幌町	天売（和浦）
783954	苫前郡羽幌町	天売（前浜）
783955	苫前郡羽幌町	天売（弁天）
881103	厚岸郡厚岸町	小島
970100	利尻郡利尻富士町	以下に掲載がない場合
970101	利尻郡利尻富士町	鴛泊
970211	利尻郡利尻富士町	鬼脇
970311	利尻郡利尻町	仙法志
970400	利尻郡利尻町	以下に掲載がない場合
970401	利尻郡利尻町	沓形
971111	礼文郡礼文町	船泊村（その他）
971200	礼文郡礼文町	以下に掲載がない場合
971201	礼文郡礼文町	香深村
971202	礼文郡礼文町	船泊村（ウヱンナイ）
9980281	酒田市	飛島
9850191	塩竈市	浦戸石浜
9850192	塩竈市	浦戸桂島
9850193	塩竈市	浦戸野々島
9850194	塩竈市	浦戸寒風沢
9850195	塩竈市	浦戸朴島
9860023	石巻市	田代浜
9862211	牡鹿郡女川町	出島
9862212	牡鹿郡女川町	江島
9862523	石巻市	鮎川浜
9862525	石巻市	長渡浜
9862526	石巻市	網地浜
9880601	気仙沼市	外浜
9880602	気仙沼市	大初平
9880603	気仙沼市	外畑
9880604	気仙沼市	廻舘
9880605	気仙沼市	浦の浜
9880606	気仙沼市	磯草
9880607	気仙沼市	亀山
9880611	気仙沼市	田尻
9880612	気仙沼市	大向
9880613	気仙沼市	高井
9880621	気仙沼市	長崎
9880622	気仙沼市	中山
9880623	気仙沼市	浅根
9880631	気仙沼市	三作浜
9880632	気仙沼市	横沼
9880633	気仙沼市	駒形
9880634	気仙沼市	要害
1000100	大島町	以下に掲載がない場合
1000101	大島町	元町
1000102	大島町	岡田
1000103	大島町	泉津
1000104	大島町	野増
1000211	大島町	差木地
1000212	大島町	波浮港
1000301	利島村	利島村一円
1000400	新島村	以下に掲載がない場合
1000401	新島村	若郷
1000402	新島村	本村
1000511	新島村	式根島
1000601	神津島村	神津島村一円
1001100	三宅島三宅村	以下に掲載がない場合
1001101	三宅島三宅村	神着
1001102	三宅島三宅村	伊豆
1001103	三宅島三宅村	伊ケ谷
1001211	三宅島三宅村	坪田
1001212	三宅島三宅村	阿古
1001213	三宅島三宅村	雄山
1001301	御蔵島村	御蔵島村一円
1001400	八丈島八丈町	以下に掲載がない場合
1001401	八丈島八丈町	大賀郷
1001511	八丈島八丈町	三根
1001621	八丈島八丈町	樫立
1001622	八丈島八丈町	末吉
1001623	八丈島八丈町	中之郷
1001701	青ヶ島村	青ヶ島村一円
1002100	小笠原村	以下に掲載がない場合
1002101	小笠原村	父島
1002211	小笠原村	母島
9520000	佐渡市	以下に掲載がない場合
9520001	佐渡市	白瀬
9520002	佐渡市	北五十里
9520003	佐渡市	椿
9520004	佐渡市	羽吉
9520005	佐渡市	梅津
9520006	佐渡市	春日
9520007	佐渡市	浜田
9520011	佐渡市	両津夷
9520012	佐渡市	両津夷新
9520013	佐渡市	両津福浦
9520014	佐渡市	両津湊
9520015	佐渡市	住吉
9520016	佐渡市	原黒
9520021	佐渡市	秋津
9520022	佐渡市	旭
9520023	佐渡市	潟端
9520024	佐渡市	上横山
9520025	佐渡市	下横山
9520026	佐渡市	立野
9520027	佐渡市	長江
9520028	佐渡市	加茂歌代
9520101	佐渡市	新穂長畝
9520102	佐渡市	新穂青木
9520103	佐渡市	新穂潟上
9520104	佐渡市	新穂田野沢
9520105	佐渡市	新穂正明寺
9520106	佐渡市	新穂瓜生屋
9520107	佐渡市	新穂井内
9520108	佐渡市	上新穂
9520109	佐渡市	新穂大野
9520111	佐渡市	新穂武井
9520112	佐渡市	新穂舟下
9520113	佐渡市	新穂皆川
9520114	佐渡市	下新穂
9520115	佐渡市	新穂北方
9520116	佐渡市	新穂
9520201	佐渡市	目黒町
9520202	佐渡市	栗野江
9520203	佐渡市	坊ケ浦
9520204	佐渡市	長谷
9520205	佐渡市	小倉
9520206	佐渡市	畑野
9520207	佐渡市	寺田
9520211	佐渡市	畉田
9520212	佐渡市	宮川
9520213	佐渡市	飯持
9520214	佐渡市	大久保
9520215	佐渡市	猿八
9520216	佐渡市	三宮
9520301	佐渡市	真野大川
9520302	佐渡市	竹田
9520303	佐渡市	阿仏坊
9520304	佐渡市	国分寺
9520305	佐渡市	長石
9520306	佐渡市	四日町
9520307	佐渡市	金丸
9520311	佐渡市	名古屋
9520312	佐渡市	吉岡
9520313	佐渡市	真野
9520314	佐渡市	滝脇
9520315	佐渡市	大須
9520316	佐渡市	背合
9520317	佐渡市	豊田
9520318	佐渡市	真野新町
9520321	佐渡市	静平
9520322	佐渡市	下黒山
9520421	佐渡市	羽茂小泊（1~1699番地）
9520422	佐渡市	羽茂亀脇
9520431	佐渡市	大小
9520432	佐渡市	大倉谷
9520433	佐渡市	田切須
9520434	佐渡市	西三川
9520435	佐渡市	椿尾
9520501	佐渡市	羽茂滝平
9520502	佐渡市	羽茂大崎
9520503	佐渡市	羽茂飯岡
9520504	佐渡市	羽茂本郷
9520505	佐渡市	羽茂三瀬
9520511	佐渡市	羽茂大石
9520512	佐渡市	羽茂大橋
9520513	佐渡市	羽茂村山
9520514	佐渡市	羽茂小泊（その他）
9520515	佐渡市	羽茂上山田
9520601	佐渡市	小木堂釜
9520602	佐渡市	小比叡
9520603	佐渡市	小木木野浦
9520604	佐渡市	小木町
9520605	佐渡市	小木
9520606	佐渡市	琴浦
9520611	佐渡市	小木金田新田
9520612	佐渡市	宿根木
9520613	佐渡市	小木強清水
9520614	佐渡市	犬神平
9520615	佐渡市	深浦
9520621	佐渡市	沢崎
9520622	佐渡市	江積
9520623	佐渡市	田野浦
9520624	佐渡市	木流
9520625	佐渡市	小木大浦
9520626	佐渡市	井坪
9520701	佐渡市	下川茂
9520702	佐渡市	上川茂
9520703	佐渡市	外山
9520704	佐渡市	莚場
9520705	佐渡市	三川
9520706	佐渡市	徳和
9520711	佐渡市	赤泊
9520712	佐渡市	真浦
9520713	佐渡市	柳沢
9520714	佐渡市	南新保
9520715	佐渡市	杉野浦
9520716	佐渡市	大杉
9520821	佐渡市	松ケ崎
9520822	佐渡市	多田
9520823	佐渡市	浜河内
9520824	佐渡市	丸山
9520851	佐渡市	蚫
9520852	佐渡市	赤玉
9520853	佐渡市	立間
9520854	佐渡市	豊岡
9520855	佐渡市	柿野浦
9520856	佐渡市	東鵜島
9520857	佐渡市	岩首
9521201	佐渡市	安養寺
9521202	佐渡市	吉井本郷
9521203	佐渡市	吉井
9521204	佐渡市	三瀬川
9521205	佐渡市	水渡田
9521206	佐渡市	大和
9521207	佐渡市	貝塚
9521208	佐渡市	金井新保
9521209	佐渡市	千種
9521211	佐渡市	中興
9521212	佐渡市	泉
9521213	佐渡市	平清水
9521301	佐渡市	真光寺
9521302	佐渡市	市野沢
9521303	佐渡市	上矢馳
9521304	佐渡市	下長木
9521305	佐渡市	上長木
9521306	佐渡市	長木
9521307	佐渡市	東大通
9521308	佐渡市	二宮
9521311	佐渡市	八幡
9521312	佐渡市	八幡新町
9521313	佐渡市	八幡町
9521314	佐渡市	河原田本町
9521315	佐渡市	河原田諏訪町
9521321	佐渡市	山田
9521322	佐渡市	石田
9521323	佐渡市	鍛冶町
9521324	佐渡市	中原
9521325	佐渡市	窪田
9521326	佐渡市	青野
9521431	佐渡市	沢根炭屋町
9521432	佐渡市	沢根五十里
9521433	佐渡市	沢根篭町
9521434	佐渡市	沢根町
9521435	佐渡市	沢根
9521501	佐渡市	下相川
9521502	佐渡市	相川水金町
9521503	佐渡市	相川柴町
9521504	佐渡市	相川下山之神町
9521505	佐渡市	相川坂下町
9521506	佐渡市	相川炭屋町
9521507	佐渡市	相川紙屋町
9521508	佐渡市	相川大間町
9521511	佐渡市	相川栄町
9521512	佐渡市	相川板町
9521513	佐渡市	相川濁川町
9521514	佐渡市	相川小六町
9521515	佐渡市	相川新西坂町
9521516	佐渡市	相川西坂町
9521517	佐渡市	相川石扣町
9521518	佐渡市	相川材木町
9521521	佐渡市	相川夕白町
9521522	佐渡市	相川上京町
9521523	佐渡市	相川新五郎町
9521524	佐渡市	相川大工町
9521525	佐渡市	相川諏訪町
9521526	佐渡市	相川中寺町
9521527	佐渡市	相川左門町
9521528	佐渡市	相川六右衛門町
9521531	佐渡市	相川広間町
9521532	佐渡市	相川弥十郎町
9521533	佐渡市	相川米屋町
9521534	佐渡市	相川大床屋町
9521535	佐渡市	相川中京町
9521536	佐渡市	相川下京町
9521537	佐渡市	相川会津町
9521538	佐渡市	相川四十物町
9521539	佐渡市	相川北沢町
9521541	佐渡市	相川新材木町
9521542	佐渡市	相川塩屋町
9521543	佐渡市	相川長坂町
9521544	佐渡市	相川味噌屋町
9521545	佐渡市	相川八百屋町
9521546	佐渡市	相川南沢町
9521547	佐渡市	相川江戸沢町
9521548	佐渡市	相川羽田町
9521551	佐渡市	相川下寺町
9521552	佐渡市	相川一町目裏町
9521553	佐渡市	相川五郎左衛門町
9521554	佐渡市	相川二町目新浜町
9521555	佐渡市	相川二町目浜町
9521556	佐渡市	相川一町目浜町
9521557	佐渡市	相川一町目
9521558	佐渡市	相川二町目
9521561	佐渡市	相川三町目新浜町
9521562	佐渡市	相川三町目浜町
9521563	佐渡市	相川三町目
9521564	佐渡市	相川四町目
9521565	佐渡市	相川馬町
9521566	佐渡市	相川市町
9521567	佐渡市	相川四町目浜町
9521568	佐渡市	相川新浜町
9521571	佐渡市	相川下戸浜町
9521572	佐渡市	相川羽田村
9521573	佐渡市	相川下戸炭屋裏町
9521574	佐渡市	相川海士町
9521575	佐渡市	相川下戸町
9521581	佐渡市	相川下戸炭屋町
9521582	佐渡市	相川下戸村
9521583	佐渡市	相川鹿伏
9521584	佐渡市	相川下戸炭屋浜町
9521641	佐渡市	二見
9521642	佐渡市	米郷
9521643	佐渡市	稲鯨
9521644	佐渡市	橘
9521645	佐渡市	高瀬
9521646	佐渡市	相川大浦
9522131	佐渡市	戸中
9522132	佐渡市	戸地
9522133	佐渡市	北狄
9522134	佐渡市	姫津
9522135	佐渡市	達者
9522136	佐渡市	小川
9522201	佐渡市	岩谷口
9522202	佐渡市	五十浦
9522203	佐渡市	関
9522204	佐渡市	矢柄
9522205	佐渡市	大倉
9522206	佐渡市	小田
9522211	佐渡市	石名
9522212	佐渡市	小野見
9522213	佐渡市	北田野浦
9522214	佐渡市	高千
9522215	佐渡市	入川
9522221	佐渡市	北立島
9522222	佐渡市	北川内
9522223	佐渡市	後尾
9522224	佐渡市	石花
9522225	佐渡市	北片辺
9522226	佐渡市	南片辺
9523111	佐渡市	虫崎
9523112	佐渡市	黒姫
9523113	佐渡市	歌見
9523114	佐渡市	浦川
9523115	佐渡市	平松
9523116	佐渡市	北松ケ崎
9523117	佐渡市	馬首
9523118	佐渡市	和木
9523119	佐渡市	玉崎
9523201	佐渡市	真更川
9523202	佐渡市	北鵜島
9523203	佐渡市	願
9523204	佐渡市	藻浦
9523205	佐渡市	鷲崎
9523206	佐渡市	見立
9523207	佐渡市	北小浦
9523421	佐渡市	吾潟
9523422	佐渡市	城腰
9523423	佐渡市	久知河内
9523424	佐渡市	下久知
9523425	佐渡市	河崎
9523431	佐渡市	真木
9523432	佐渡市	椎泊
9523433	佐渡市	両尾
9523434	佐渡市	羽二生
9523435	佐渡市	両津大川
9523541	佐渡市	水津
9523542	佐渡市	片野尾
9523543	佐渡市	月布施
9523544	佐渡市	野浦
9523545	佐渡市	東強清水
9523546	佐渡市	東立島
9580061	岩船郡粟島浦村	粟島浦村一円
9280072	輪島市	海士町（舳倉島）
4130004	熱海市	初島
4440416	西尾市	一色町佐久島
4703504	知多郡南知多町	日間賀島
4703505	知多郡南知多町	篠島
5230801	近江八幡市	沖島町
5170001	鳥羽市	神島町
5170002	鳥羽市	答志町
5170003	鳥羽市	桃取町
5170004	鳥羽市	菅島町
5170005	鳥羽市	坂手町
5170205	志摩市	磯部町渡鹿野
6560961	南あわじ市	沼島
6720101	姫路市	家島町真浦
6720102	姫路市	家島町宮
6720103	姫路市	家島町坊勢
7013203	備前市	日生町大多府
7013204	備前市	日生町日生
7048153	岡山市東区	犬島
7060306	玉野市	石島
7140035	笠岡市	高島
7140036	笠岡市	白石島
7140037	笠岡市	真鍋島
7140038	笠岡市	六島
7140301	笠岡市	北木島町
7140302	笠岡市	飛島
7200204	福山市	走島町
7220061	尾道市	百島町
7220062	尾道市	向東町
7220071	尾道市	向島町立花
7220072	尾道市	向島町岩子島
7220073	尾道市	向島町
7222401	尾道市	瀬戸田町御寺
7222402	尾道市	瀬戸田町宮原
7222403	尾道市	瀬戸田町荻
7222404	尾道市	瀬戸田町垂水
7222405	尾道市	瀬戸田町福田
7222411	尾道市	瀬戸田町瀬戸田
7222412	尾道市	瀬戸田町高根
7222413	尾道市	瀬戸田町沢
7222414	尾道市	瀬戸田町鹿田原
7222415	尾道市	瀬戸田町中野
7222416	尾道市	瀬戸田町林
7222417	尾道市	瀬戸田町名荷
7222431	尾道市	因島洲江町
7222432	尾道市	因島原町
7222631	福山市	内海町イ
7222632	福山市	内海町ロ
7222633	福山市	内海町ハ
7222641	福山市	内海町
7230021	三原市	鷺浦町須波
7230022	三原市	鷺浦町向田野浦
7250200	豊田郡大崎上島町	以下に掲載がない場合
7250231	豊田郡大崎上島町	東野
7250301	豊田郡大崎上島町	中野
7250302	豊田郡大崎上島町	原田
7250303	豊田郡大崎上島町	大串
7250401	豊田郡大崎上島町	木江
7250402	豊田郡大崎上島町	沖浦
7250403	豊田郡大崎上島町	明石
7340017	広島市南区	似島町
7340101	呉市	豊浜町豊島
7340102	呉市	豊浜町大浜
7340103	呉市	豊浜町斎島
7340301	呉市	豊町大長
7340302	呉市	豊町御手洗
7340303	呉市	豊町沖友
7340304	呉市	豊町久比
7390501	廿日市市	宮島町（杉之浦）
7390502	廿日市市	宮島町（杉之浦住宅）
7390503	廿日市市	宮島町（ひの木団地）
7390504	廿日市市	宮島町（港町）
7390505	廿日市市	宮島町（胡町）
7390506	廿日市市	宮島町（緑町）
7390507	廿日市市	宮島町（大砂利）
7390511	廿日市市	宮島町（伊勢町）
7390512	廿日市市	宮島町（新町）
7390513	廿日市市	宮島町（上西連町）
7390514	廿日市市	宮島町（東西連町）
7390515	廿日市市	宮島町（魚之棚町）
7390516	廿日市市	宮島町（桜町）
7390517	廿日市市	宮島町（大和町）
7390518	廿日市市	宮島町（下西連町）
7390521	廿日市市	宮島町（大町）
7390522	廿日市市	宮島町（南町）
7390523	廿日市市	宮島町（中江町）
7390524	廿日市市	宮島町（滝町）
7390525	廿日市市	宮島町（久保町）
7390531	廿日市市	宮島町（上中西町）
7390532	廿日市市	宮島町（東大西町）
7390533	廿日市市	宮島町（南大西町）
7390534	廿日市市	宮島町（西大西町）
7390535	廿日市市	宮島町（北大西町）
7390536	廿日市市	宮島町（下中西町）
7390541	廿日市市	宮島町（網之浦）
7390542	廿日市市	宮島町（多々良潟）
7390543	廿日市市	宮島町（室浜）
7390550	廿日市市	宮島町（浜之町）
7390551	廿日市市	宮島町（北之町東表）
7390552	廿日市市	宮島町（北之町西表）
7390553	廿日市市	宮島町（中之町表）
7390554	廿日市市	宮島町（幸町東表）
7390555	廿日市市	宮島町（幸町西表）
7390556	廿日市市	宮島町（幸町西浜）
7390557	廿日市市	宮島町（幸町東浜）
7390558	廿日市市	宮島町（中之町浜）
7390559	廿日市市	宮島町（北之町浜）
7390588	廿日市市	宮島町（その他）
7390607	大竹市	阿多田
6840100	隠岐郡知夫村	以下に掲載がない場合
6840101	隠岐郡知夫村	大江
6840102	隠岐郡知夫村	郡
6840103	隠岐郡知夫村	多沢
6840104	隠岐郡知夫村	薄毛
6840105	隠岐郡知夫村	仁夫
6840106	隠岐郡知夫村	来居
6840107	隠岐郡知夫村	古海
6840211	隠岐郡西ノ島町	浦郷
6840300	隠岐郡西ノ島町	以下に掲載がない場合
6840301	隠岐郡西ノ島町	宇賀
6840302	隠岐郡西ノ島町	別府
6840303	隠岐郡西ノ島町	美田
6840400	隠岐郡海士町	以下に掲載がない場合
6840401	隠岐郡海士町	宇受賀
6840402	隠岐郡海士町	豊田
6840403	隠岐郡海士町	海士
6840404	隠岐郡海士町	福井
6840411	隠岐郡海士町	知々井
6840412	隠岐郡海士町	御波
6840413	隠岐郡海士町	崎
6850000	隠岐郡隠岐の島町	以下に掲載がない場合
6850001	隠岐郡隠岐の島町	大久
6850002	隠岐郡隠岐の島町	釜
6850003	隠岐郡隠岐の島町	犬来
6850004	隠岐郡隠岐の島町	飯田
6850005	隠岐郡隠岐の島町	東郷
6850006	隠岐郡隠岐の島町	有木
6850007	隠岐郡隠岐の島町	池田
6850011	隠岐郡隠岐の島町	栄町
6850012	隠岐郡隠岐の島町	東町
6850013	隠岐郡隠岐の島町	中町
6850014	隠岐郡隠岐の島町	西町
6850015	隠岐郡隠岐の島町	港町
6850016	隠岐郡隠岐の島町	城北町
6850017	隠岐郡隠岐の島町	下西
6850021	隠岐郡隠岐の島町	岬町
6850022	隠岐郡隠岐の島町	今津
6850023	隠岐郡隠岐の島町	西田
6850024	隠岐郡隠岐の島町	加茂
6850025	隠岐郡隠岐の島町	平
6850026	隠岐郡隠岐の島町	上西
6850027	隠岐郡隠岐の島町	原田
6850101	隠岐郡隠岐の島町	蔵田
6850102	隠岐郡隠岐の島町	油井
6850103	隠岐郡隠岐の島町	那久
6850104	隠岐郡隠岐の島町	都万
6850105	隠岐郡隠岐の島町	津戸
6850106	隠岐郡隠岐の島町	蛸木
6850301	隠岐郡隠岐の島町	北方
6850302	隠岐郡隠岐の島町	苗代田
6850303	隠岐郡隠岐の島町	南方
6850304	隠岐郡隠岐の島町	代
6850305	隠岐郡隠岐の島町	久見
6850306	隠岐郡隠岐の島町	伊後（向ケ丘）
6850311	隠岐郡隠岐の島町	郡
6850312	隠岐郡隠岐の島町	小路
6850313	隠岐郡隠岐の島町	那久路
6850314	隠岐郡隠岐の島町	山田
6850411	隠岐郡隠岐の島町	飯美
6850412	隠岐郡隠岐の島町	布施
6850413	隠岐郡隠岐の島町	卯敷
6850431	隠岐郡隠岐の島町	伊後（その他）
6850432	隠岐郡隠岐の島町	西村
6850433	隠岐郡隠岐の島町	湊
6850434	隠岐郡隠岐の島町	中村
6850435	隠岐郡隠岐の島町	元屋
6901401	松江市	八束町江島
6901402	松江市	八束町馬渡
6901403	松江市	八束町遅江
6901404	松江市	八束町波入
6901405	松江市	八束町入江
6901406	松江市	八束町二子
6901407	松江市	八束町寺津
6901408	松江市	八束町亀尻
7400051	岩国市	柱島
7420041	柳井市	平郡
7421114	熊毛郡平生町	佐合島
7421401	熊毛郡上関町	祝島
7421404	熊毛郡上関町	八島
7421516	熊毛郡田布施町	馬島
7422108	大島郡周防大島町	笠佐島
7422301	大島郡周防大島町	久賀
7422601	大島郡周防大島町	伊保田（両源田）
7422801	大島郡周防大島町	浮島
7430003	光市	牛島
7450057	周南市	大津島
7470832	防府市	野島
7500095	下関市	六連島
7580001	萩市	相島
7580003	萩市	大島
7580701	萩市	見島
7596542	下関市	蓋井島
7600091	高松市	男木町
7600092	高松市	女木町
7613110	香川郡直島町	直島町一円
7614100	小豆郡土庄町	以下に掲載がない場合
7614101	小豆郡土庄町	甲、乙（その他）
7614102	小豆郡土庄町	甲、乙（港新町）
7614103	小豆郡土庄町	甲、乙（大木戸）
7614104	小豆郡土庄町	甲、乙（吉ケ浦）
7614105	小豆郡土庄町	甲、乙（西本町）
7614106	小豆郡土庄町	甲、乙（本町）
7614111	小豆郡土庄町	甲、乙（東港）
7614112	小豆郡土庄町	甲、乙（鹿島）
7614113	小豆郡土庄町	甲、乙（柳）
7614114	小豆郡土庄町	甲、乙（千軒）
7614115	小豆郡土庄町	甲、乙（小瀬）
7614121	小豆郡土庄町	渕崎
7614122	小豆郡土庄町	上庄
7614131	小豆郡土庄町	伊喜末（その他）
7614132	小豆郡土庄町	小江
7614133	小豆郡土庄町	長浜
7614134	小豆郡土庄町	滝宮
7614141	小豆郡土庄町	馬越
7614142	小豆郡土庄町	屋形崎
7614143	小豆郡土庄町	見目
7614144	小豆郡土庄町	小海
7614145	小豆郡土庄町	大部
7614146	小豆郡土庄町	小部
7614151	小豆郡土庄町	肥土山
7614152	小豆郡土庄町	黒岩
7614153	小豆郡土庄町	小馬越
7614154	小豆郡土庄町	笠滝
7614155	小豆郡小豆島町	中山（蛙子鳴滝）
7614300	小豆郡小豆島町	以下に掲載がない場合
7614301	小豆郡小豆島町	池田
7614302	小豆郡小豆島町	蒲生
7614303	小豆郡小豆島町	中山（その他）
7614304	小豆郡小豆島町	室生
7614305	小豆郡小豆島町	二面
7614306	小豆郡小豆島町	吉野
7614307	小豆郡小豆島町	蒲野
7614308	小豆郡小豆島町	神浦
7614401	小豆郡小豆島町	吉田
7614402	小豆郡小豆島町	福田
7614403	小豆郡小豆島町	当浜
7614404	小豆郡小豆島町	岩谷
7614405	小豆郡小豆島町	橘
7614411	小豆郡小豆島町	安田
7614412	小豆郡小豆島町	木庄
7614421	小豆郡小豆島町	苗羽
7614422	小豆郡小豆島町	古江
7614423	小豆郡小豆島町	堀越
7614424	小豆郡小豆島町	田浦
7614425	小豆郡小豆島町	坂手
7614426	小豆郡小豆島町	馬木
7614431	小豆郡小豆島町	片城
7614432	小豆郡小豆島町	草壁本町
7614433	小豆郡小豆島町	神懸通
7614434	小豆郡小豆島町	西村
7614661	小豆郡土庄町	豊島家浦
7614662	小豆郡土庄町	豊島唐櫃
7614663	小豆郡土庄町	豊島甲生
7614664	小豆郡土庄町	伊喜末（小豊島）
7620071	坂出市	与島町
7620072	坂出市	岩黒
7620073	坂出市	櫃石
7630101	丸亀市	広島町立石
7630102	丸亀市	広島町江の浦
7630103	丸亀市	広島町釜の越
7630104	丸亀市	広島町甲路
7630105	丸亀市	広島町青木
7630106	丸亀市	広島町市井
7630107	丸亀市	広島町茂浦
7630108	丸亀市	広島町小手島
7630111	丸亀市	手島町
7630221	丸亀市	本島町笠島
7630222	丸亀市	本島町甲生
7630223	丸亀市	本島町泊
7630224	丸亀市	本島町小阪
7630225	丸亀市	本島町生の浜
7630226	丸亀市	本島町尻浜
7630227	丸亀市	本島町福田
7630228	丸亀市	本島町大浦
7630231	丸亀市	牛島
7640040	仲多度郡多度津町	佐柳
7640050	仲多度郡多度津町	高見
7680071	観音寺市	伊吹町
7691108	三豊市	詫間町粟島
7691109	三豊市	詫間町志々島
7741760	阿南市	伊島町
7750010	海部郡牟岐町	牟岐浦（その他）
7750011	海部郡牟岐町	牟岐浦（浜崎）
7750012	海部郡牟岐町	牟岐浦（宮ノ本）
7750013	海部郡牟岐町	牟岐浦（出羽島）
7880014	宿毛市	大島
7880677	宿毛市	沖の島町母島
7880678	宿毛市	沖の島町弘瀬
7880679	宿毛市	沖の島町鵜来島
7914321	松山市	元怒和
7914322	松山市	上怒和
7914323	松山市	二神
7914324	松山市	津和地
7914431	松山市	睦月
7914432	松山市	野忽那
7914501	松山市	中島大浦
7914502	松山市	小浜
7914503	松山市	長師
7914504	松山市	宮野
7914505	松山市	神浦
7914506	松山市	宇和間
7914507	松山市	熊田
7914508	松山市	吉木
7914509	松山市	饒
7914510	松山市	畑里
7914511	松山市	中島粟井
7918091	松山市	門田町
7918092	松山市	由良町
7918093	松山市	泊町
7920080	今治市	宮窪町四阪島
7920891	新居浜市	大島
7941101	今治市	関前岡村
7941102	今治市	関前小大下
7941103	今治市	関前大下
7941301	今治市	大三島町肥海
7941302	今治市	大三島町大見
7941303	今治市	大三島町明日
7941304	今治市	大三島町宮浦
7941305	今治市	大三島町台
7941306	今治市	大三島町野々江
7941307	今治市	大三島町口総
7941308	今治市	大三島町浦戸
7941309	今治市	大三島町宗方
7941401	今治市	上浦町盛
7941402	今治市	上浦町井口
7941403	今治市	上浦町甘崎
7941404	今治市	上浦町瀬戸
7942101	今治市	吉海町田浦
7942102	今治市	吉海町泊
7942103	今治市	吉海町福田
7942104	今治市	吉海町仁江
7942110	今治市	吉海町八幡
7942111	今治市	吉海町幸新田
7942112	今治市	吉海町本庄
7942113	今治市	吉海町椋名
7942114	今治市	吉海町名
7942115	今治市	吉海町南浦
7942116	今治市	吉海町名駒
7942117	今治市	吉海町正味
7942118	今治市	吉海町臥間
7942119	今治市	吉海町津島
7942201	今治市	宮窪町早川
7942202	今治市	宮窪町余所国
7942203	今治市	宮窪町宮窪
7942204	今治市	宮窪町友浦
7942301	今治市	伯方町有津
7942302	今治市	伯方町叶浦
7942303	今治市	伯方町伊方
7942304	今治市	伯方町北浦
7942305	今治市	伯方町木浦
7942410	越智郡上島町	岩城
7942500	越智郡上島町	以下に掲載がない場合
7942501	越智郡上島町	弓削久司浦
7942502	越智郡上島町	弓削沢津
7942503	越智郡上島町	弓削百貫
7942504	越智郡上島町	弓削引野
7942505	越智郡上島町	弓削明神
7942506	越智郡上島町	弓削下弓削
7942507	越智郡上島町	弓削藤谷
7942508	越智郡上島町	弓削太田
7942509	越智郡上島町	弓削土生
7942510	越智郡上島町	弓削鎌田
7942511	越智郡上島町	弓削日比
7942512	越智郡上島町	弓削狩尾
7942513	越智郡上島町	弓削大谷
7942520	越智郡上島町	弓削佐島
7942530	越智郡上島町	弓削豊島
7942540	越智郡上島町	魚島一番耕地
7942541	越智郡上島町	魚島二番耕地
7942542	越智郡上島町	魚島三番耕地
7942550	越智郡上島町	生名
7968060	八幡浜市	大島
7980096	宇和島市	本九島
7980097	宇和島市	百之浦
7980098	宇和島市	蛤
7980099	宇和島市	日振島
7980212	宇和島市	戸島
7983358	宇和島市	津島町竹ケ島
7992121	今治市	来島（その他）
7992122	今治市	来島（小島）
7992123	今治市	馬島
7992433	松山市	安居島
7993470	大洲市	長浜町青島
8020091	北九州市小倉北区	藍島
8020092	北九州市小倉北区	馬島
8113511	宗像市	地島
8113701	宗像市	大島
8191336	糸島市	志摩姫島
8115100	壱岐市	以下に掲載がない場合
8115101	壱岐市	郷ノ浦町長峰本村触
8115102	壱岐市	郷ノ浦町長峰東触
8115103	壱岐市	郷ノ浦町新田触
8115104	壱岐市	郷ノ浦町里触
8115105	壱岐市	郷ノ浦町小牧西触
8115106	壱岐市	郷ノ浦町小牧東触
8115107	壱岐市	郷ノ浦町有安触
8115111	壱岐市	郷ノ浦町半城本村触
8115112	壱岐市	郷ノ浦町大浦触
8115113	壱岐市	郷ノ浦町牛方触
8115114	壱岐市	郷ノ浦町柳田触
8115115	壱岐市	郷ノ浦町木田触
8115116	壱岐市	郷ノ浦町物部本村触
8115117	壱岐市	郷ノ浦町田中触
8115121	壱岐市	郷ノ浦町平人触
8115122	壱岐市	郷ノ浦町大原触
8115123	壱岐市	郷ノ浦町釘山触
8115124	壱岐市	郷ノ浦町志原南触
8115125	壱岐市	郷ノ浦町志原西触
8115131	壱岐市	郷ノ浦町永田触
8115132	壱岐市	郷ノ浦町東触
8115133	壱岐市	郷ノ浦町本村触
8115134	壱岐市	郷ノ浦町庄触
8115135	壱岐市	郷ノ浦町郷ノ浦
8115136	壱岐市	郷ノ浦町片原触
8115141	壱岐市	郷ノ浦町若松触
8115142	壱岐市	郷ノ浦町坪触
8115143	壱岐市	郷ノ浦町初山西触
8115144	壱岐市	郷ノ浦町初山東触
8115151	壱岐市	郷ノ浦町渡良浦
8115152	壱岐市	郷ノ浦町渡良南触
8115153	壱岐市	郷ノ浦町渡良西触
8115154	壱岐市	郷ノ浦町渡良東触
8115155	壱岐市	郷ノ浦町麦谷触
8115161	壱岐市	郷ノ浦町大島
8115162	壱岐市	郷ノ浦町長島
8115163	壱岐市	郷ノ浦町原島
8115201	壱岐市	石田町山崎触
8115202	壱岐市	石田町筒城仲触
8115203	壱岐市	石田町筒城東触
8115204	壱岐市	石田町筒城西触
8115211	壱岐市	石田町石田東触
8115212	壱岐市	石田町本村触
8115213	壱岐市	石田町南触
8115214	壱岐市	石田町印通寺浦
8115215	壱岐市	石田町石田西触
8115221	壱岐市	石田町池田東触
8115222	壱岐市	石田町池田仲触
8115223	壱岐市	石田町久喜触
8115224	壱岐市	石田町池田西触
8115225	壱岐市	石田町湯岳興触
8115226	壱岐市	石田町湯岳射手吉触
8115301	壱岐市	芦辺町芦辺浦
8115311	壱岐市	芦辺町諸吉本村触
8115312	壱岐市	芦辺町諸吉南触
8115313	壱岐市	芦辺町諸吉仲触
8115314	壱岐市	芦辺町諸吉東触
8115315	壱岐市	芦辺町諸吉二亦触
8115316	壱岐市	芦辺町諸吉大石触
8115321	壱岐市	芦辺町深江栄触
8115322	壱岐市	芦辺町深江鶴亀触
8115323	壱岐市	芦辺町深江平触
8115324	壱岐市	芦辺町深江東触
8115325	壱岐市	芦辺町深江南触
8115326	壱岐市	芦辺町深江本村触
8115461	壱岐市	芦辺町瀬戸浦
8115462	壱岐市	芦辺町箱崎大左右触
8115463	壱岐市	芦辺町箱崎中山触
8115464	壱岐市	芦辺町箱崎谷江触
8115465	壱岐市	芦辺町箱崎釘ノ尾触
8115466	壱岐市	芦辺町箱崎本村触
8115467	壱岐市	芦辺町箱崎江角触
8115468	壱岐市	芦辺町箱崎諸津触
8115501	壱岐市	勝本町勝本浦
8115511	壱岐市	勝本町仲触
8115512	壱岐市	勝本町東触
8115513	壱岐市	勝本町北触
8115521	壱岐市	勝本町西戸触
8115522	壱岐市	勝本町新城東触
8115523	壱岐市	勝本町片山触
8115531	壱岐市	勝本町坂本触
8115532	壱岐市	勝本町大久保触
8115533	壱岐市	勝本町新城西触
8115541	壱岐市	勝本町本宮西触
8115542	壱岐市	勝本町本宮東触
8115543	壱岐市	勝本町上場触
8115544	壱岐市	勝本町布気触
8115545	壱岐市	勝本町本宮南触
8115546	壱岐市	勝本町本宮仲触
8115551	壱岐市	勝本町湯本浦
8115552	壱岐市	勝本町百合畑触
8115553	壱岐市	勝本町立石東触
8115554	壱岐市	勝本町立石仲触
8115555	壱岐市	勝本町立石南触
8115556	壱岐市	勝本町立石西触
8115731	壱岐市	芦辺町国分当田触
8115732	壱岐市	芦辺町国分東触
8115733	壱岐市	芦辺町国分川迎触
8115734	壱岐市	芦辺町国分本村触
8115741	壱岐市	芦辺町住吉山信触
8115742	壱岐市	芦辺町住吉東触
8115743	壱岐市	芦辺町住吉前触
8115744	壱岐市	芦辺町住吉後触
8115751	壱岐市	芦辺町中野郷仲触
8115752	壱岐市	芦辺町中野郷東触
8115753	壱岐市	芦辺町湯岳本村触
8115754	壱岐市	芦辺町湯岳今坂触
8115755	壱岐市	芦辺町湯岳興触
8115756	壱岐市	芦辺町中野郷本村触
8115757	壱岐市	芦辺町中野郷西触
8170000	対馬市	以下に掲載がない場合
8170001	対馬市	厳原町小浦
8170002	対馬市	厳原町曲
8170003	対馬市	厳原町南室
8170005	対馬市	厳原町桟原
8170006	対馬市	厳原町北里
8170011	対馬市	厳原町宮谷
8170012	対馬市	厳原町日吉
8170013	対馬市	厳原町中村
8170014	対馬市	厳原町天道茂
8170015	対馬市	厳原町西里
8170016	対馬市	厳原町東里
8170021	対馬市	厳原町今屋敷
8170022	対馬市	厳原町国分
8170023	対馬市	厳原町田渕
8170024	対馬市	厳原町大手橋
8170031	対馬市	厳原町久田道
8170032	対馬市	厳原町久田
8170033	対馬市	厳原町尾浦
8170034	対馬市	厳原町安神
8170035	対馬市	厳原町久和
8170151	対馬市	厳原町与良内院
8170152	対馬市	厳原町豆酘内院
8170153	対馬市	厳原町浅藻
8170154	対馬市	厳原町豆酘
8170155	対馬市	厳原町豆酘瀬
8170156	対馬市	厳原町佐須瀬
8170157	対馬市	厳原町内山
8170241	対馬市	厳原町阿連
8170242	対馬市	厳原町下原
8170243	対馬市	厳原町樫根
8170244	対馬市	厳原町久根浜
8170245	対馬市	厳原町久根田舎
8170246	対馬市	厳原町上槻
8170247	対馬市	厳原町椎根
8170248	対馬市	厳原町小茂田
8170321	対馬市	美津島町洲藻
8170322	対馬市	美津島町鶏知
8170323	対馬市	美津島町大船越
8170324	対馬市	美津島町久須保
8170325	対馬市	美津島町緒方
8170326	対馬市	美津島町根緒
8170431	対馬市	美津島町尾崎
8170432	対馬市	美津島町今里
8170433	対馬市	美津島町加志
8170434	対馬市	美津島町吹崎
8170435	対馬市	美津島町箕形
8170511	対馬市	美津島町竹敷
8170512	対馬市	美津島町黒瀬
8170513	対馬市	美津島町昼ケ浦
8170514	対馬市	美津島町島山
8171101	対馬市	美津島町小船越
8171102	対馬市	美津島町芦浦
8171103	対馬市	美津島町賀谷
8171104	対馬市	美津島町濃部
8171105	対馬市	美津島町大山
8171106	対馬市	美津島町犬吠
8171107	対馬市	美津島町鴨居瀬
8171201	対馬市	豊玉町仁位
8171202	対馬市	豊玉町和板
8171212	対馬市	豊玉町曽
8171213	対馬市	豊玉町千尋藻
8171214	対馬市	豊玉町鑓川
8171223	対馬市	豊玉町横浦
8171231	対馬市	豊玉町糸瀬
8171232	対馬市	豊玉町嵯峨
8171233	対馬市	豊玉町貝鮒
8171234	対馬市	豊玉町佐志賀
8171241	対馬市	豊玉町貝口
8171245	対馬市	豊玉町唐洲
8171246	対馬市	豊玉町廻
8171251	対馬市	豊玉町田
8171252	対馬市	豊玉町大綱
8171253	対馬市	豊玉町卯麦
8171254	対馬市	豊玉町佐保
8171255	対馬市	豊玉町志多浦
8171256	対馬市	豊玉町小綱
8171257	対馬市	豊玉町銘
8171301	対馬市	峰町三根
8171302	対馬市	峰町狩尾
8171303	対馬市	峰町木坂
8171304	対馬市	峰町青海
8171305	対馬市	峰町津柳
8171306	対馬市	峰町吉田
8171307	対馬市	峰町賀佐
8171411	対馬市	峰町櫛
8171412	対馬市	峰町佐賀
8171413	対馬市	峰町志多賀
8171511	対馬市	上県町鹿見
8171512	対馬市	上県町久原
8171513	対馬市	上県町女連
8171521	対馬市	上県町飼所
8171522	対馬市	上県町樫滝
8171523	対馬市	上県町瀬田
8171524	対馬市	上県町犬ケ浦
8171525	対馬市	上県町御園
8171531	対馬市	上県町越高
8171532	対馬市	上県町伊奈
8171533	対馬市	上県町志多留
8171601	対馬市	上県町西津屋
8171602	対馬市	上県町佐須奈
8171603	対馬市	上県町佐護
8171701	対馬市	上対馬町比田勝
8171702	対馬市	上対馬町古里
8171703	対馬市	上対馬町西泊
8171704	対馬市	上対馬町網代
8171711	対馬市	上対馬町冨浦
8171712	対馬市	上対馬町唐舟志
8171713	対馬市	上対馬町浜久須
8171714	対馬市	上対馬町玖須
8171715	対馬市	上対馬町大増
8171721	対馬市	上対馬町河内
8171722	対馬市	上対馬町大浦
8171723	対馬市	上対馬町鰐浦
8171724	対馬市	上対馬町豊
8171725	対馬市	上対馬町泉
8172241	対馬市	上対馬町小鹿
8172242	対馬市	上対馬町一重
8172243	対馬市	上対馬町芦見
8172331	対馬市	上対馬町琴
8172332	対馬市	上対馬町五根緒
8172333	対馬市	上対馬町舟志
8511201	長崎市	伊王島町
8511315	長崎市	高島町
8530000	五島市	以下に掲載がない場合
8530001	五島市	栄町
8530002	五島市	中央町
8530003	五島市	錦町
8530004	五島市	幸町
8530005	五島市	末広町
8530006	五島市	江川町
8530007	五島市	福江町
8530011	五島市	下大津町
8530012	五島市	長手町
8530013	五島市	上大津町
8530014	五島市	三尾野町
8530015	五島市	東浜町
8530016	五島市	紺屋町
8530017	五島市	武家屋敷
8530018	五島市	池田町
8530021	五島市	下崎山町
8530022	五島市	向町
8530023	五島市	上崎山町
8530024	五島市	野々切町
8530025	五島市	小泊町
8530026	五島市	浜町
8530027	五島市	増田町
8530031	五島市	吉久木町
8530032	五島市	大荒町
8530033	五島市	木場町
8530041	五島市	籠淵町
8530042	五島市	吉田町
8530043	五島市	高田町
8530044	五島市	堤町
8530051	五島市	平蔵町
8530052	五島市	松山町
8530053	五島市	奥浦町
8530054	五島市	戸岐町
8530061	五島市	黄島町
8530062	五島市	赤島町
8530063	五島市	新港町
8530064	五島市	三尾野
8530065	五島市	坂の上
8530066	五島市	大円寺町
8530201	五島市	富江町富江
8530202	五島市	富江町松尾
8530203	五島市	富江町田尾
8530204	五島市	富江町繁敷
8530205	五島市	富江町狩立
8530206	五島市	富江町山手
8530207	五島市	富江町長峰
8530208	五島市	富江町黒島
8530211	五島市	富江町黒瀬
8530212	五島市	富江町山下
8530213	五島市	富江町岳
8530214	五島市	富江町土取
8530215	五島市	富江町職人
8530311	五島市	岐宿町二本楠
8530312	五島市	岐宿町中嶽
8530313	五島市	岐宿町松山
8530411	五島市	玉之浦町玉之浦
8530412	五島市	玉之浦町立谷
8530413	五島市	玉之浦町大宝
8530501	五島市	玉之浦町荒川
8530502	五島市	玉之浦町幾久山
8530503	五島市	玉之浦町小川
8530504	五島市	玉之浦町丹奈
8530505	五島市	玉之浦町中須
8530506	五島市	玉之浦町上の平
8530507	五島市	玉之浦町頓泊
8530508	五島市	玉之浦町布浦
8530601	五島市	三井楽町濱ノ畔
8530602	五島市	三井楽町大川
8530603	五島市	三井楽町柏
8530604	五島市	三井楽町貝津
8530605	五島市	三井楽町濱窄
8530606	五島市	三井楽町丑ノ浦
8530607	五島市	三井楽町嶽
8530608	五島市	三井楽町波砂間
8530609	五島市	三井楽町渕ノ元
8530611	五島市	三井楽町嵯峨島
8530612	五島市	三井楽町高崎
8530613	五島市	三井楽町塩水
8530701	五島市	岐宿町岐宿
8530702	五島市	岐宿町川原
8530703	五島市	岐宿町楠原
8530704	五島市	岐宿町河務
8530705	五島市	岐宿町戸岐ノ首
8530706	五島市	岐宿町唐船ノ浦
8532171	五島市	久賀町
8532172	五島市	蕨町
8532173	五島市	田ノ浦町
8532174	五島市	猪之木町
8532201	五島市	奈留町浦
8532202	五島市	奈留町大串
8532203	五島市	奈留町泊
8532204	五島市	奈留町船廻
8532301	南松浦郡新上五島町	若松郷
8532302	南松浦郡新上五島町	桐古里郷
8532303	南松浦郡新上五島町	宿ノ浦郷
8532304	南松浦郡新上五島町	荒川郷
8532305	南松浦郡新上五島町	西神ノ浦郷
8532311	南松浦郡新上五島町	榊ノ浦郷
8532312	南松浦郡新上五島町	日島郷
8532313	南松浦郡新上五島町	有福郷
8532314	南松浦郡新上五島町	漁生浦郷
8532315	南松浦郡新上五島町	間伏郷
8532481	五島市	伊福貴町
8532482	五島市	本窯町
8533101	南松浦郡新上五島町	奈良尾郷
8533102	南松浦郡新上五島町	岩瀬浦郷
8533321	南松浦郡新上五島町	鯛ノ浦郷
8533322	南松浦郡新上五島町	阿瀬津郷
8533323	南松浦郡新上五島町	東神ノ浦郷
8570071	長崎市	池島町
8572531	西海市	大瀬戸町松島内郷
8572532	西海市	大瀬戸町松島外郷
8573271	佐世保市	黒島町
8574101	南松浦郡新上五島町	赤尾郷
8574102	南松浦郡新上五島町	友住郷
8574103	南松浦郡新上五島町	江ノ浜郷
8574211	南松浦郡新上五島町	有川郷
8574212	南松浦郡新上五島町	小河原郷
8574213	南松浦郡新上五島町	太田郷
8574214	南松浦郡新上五島町	七目郷
8574400	南松浦郡新上五島町	以下に掲載がない場合
8574401	南松浦郡新上五島町	網上郷
8574402	南松浦郡新上五島町	奈摩郷
8574404	南松浦郡新上五島町	青方郷
8574405	南松浦郡新上五島町	船崎郷
8574411	南松浦郡新上五島町	相河郷
8574412	南松浦郡新上五島町	三日ノ浦郷
8574413	南松浦郡新上五島町	今里郷
8574414	南松浦郡新上五島町	飯ノ瀬戸郷
8574415	南松浦郡新上五島町	続浜ノ浦郷
8574416	南松浦郡新上五島町	道土井郷
8574511	南松浦郡新上五島町	浦桑郷
8574512	南松浦郡新上五島町	榎津郷
8574513	南松浦郡新上五島町	丸尾郷
8574514	南松浦郡新上五島町	似首郷
8574601	南松浦郡新上五島町	小串郷
8574602	南松浦郡新上五島町	曽根郷
8574603	南松浦郡新上五島町	立串郷
8574604	南松浦郡新上五島町	津和崎郷
8574700	北松浦郡小値賀町	以下に掲載がない場合
8574701	北松浦郡小値賀町	笛吹郷
8574702	北松浦郡小値賀町	前方郷
8574703	北松浦郡小値賀町	中村郷
8574704	北松浦郡小値賀町	柳郷
8574705	北松浦郡小値賀町	浜津郷
8574706	北松浦郡小値賀町	黒島郷
8574707	北松浦郡小値賀町	班島郷
8574708	北松浦郡小値賀町	大島郷
8574709	北松浦郡小値賀町	野崎郷
8574711	北松浦郡小値賀町	納島郷
8574712	北松浦郡小値賀町	六島郷
8574811	佐世保市	宇久町神浦
8574812	佐世保市	宇久町小浜
8574813	佐世保市	宇久町飯良
8574814	佐世保市	宇久町本飯良
8574815	佐世保市	宇久町大久保
8574816	佐世保市	宇久町寺島
8574901	佐世保市	宇久町平
8574902	佐世保市	宇久町野方
8574903	佐世保市	宇久町太田江
8574904	佐世保市	宇久町木場
8580931	佐世保市	高島町
8594529	松浦市	今福町飛島免
8594301	松浦市	鷹島町阿翁浦免
8594302	松浦市	鷹島町阿翁免
8594303	松浦市	鷹島町神崎免
8594304	松浦市	鷹島町里免
8594305	松浦市	鷹島町中通免
8594306	松浦市	鷹島町原免
8594307	松浦市	鷹島町三里免
8594308	松浦市	鷹島町船唐津免
8594309	松浦市	鷹島町黒島免
8594745	松浦市	星鹿町青島免
8594827	平戸市	田平町横島免
8595101	平戸市	度島町
8595801	平戸市	大島村神浦
8595802	平戸市	大島村前平
8595803	平戸市	大島村西宇戸
8595804	平戸市	大島村大根坂
8595805	平戸市	大島村的山川内
8595806	平戸市	大島村的山戸田
8470027	唐津市	高島
8470131	唐津市	神集島
8470306	唐津市	呼子町小川島
8470317	唐津市	鎮西町加唐島
8470405	唐津市	鎮西町馬渡島
8470406	唐津市	鎮西町松島
8471524	唐津市	肥前町向島
8660303	天草市	御所浦町横浦
8660313	天草市	御所浦町御所浦
8660334	天草市	御所浦町牧島
8693711	上天草市	大矢野町湯島
8721501	東国東郡姫島村	姫島村一円
8760001	佐伯市	高松浦
8760002	佐伯市	日向泊浦
8760003	佐伯市	塩内浦
8760004	佐伯市	荒網代浦
8760005	佐伯市	石間浦
8760006	佐伯市	守後浦
8760007	佐伯市	久保浦
8760008	佐伯市	片神浦
8761313	佐伯市	鶴見大島
8792501	津久見市	保戸島
8820096	延岡市	島浦町
8900000	鹿児島郡三島村	以下に掲載がない場合
8900901	鹿児島郡三島村	硫黄島
8900902	鹿児島郡三島村	黒島
8900903	鹿児島郡三島村	竹島
8913100	西之表市	以下に掲載がない場合
8913101	西之表市	西之表
8913102	西之表市	安納（1~3048、4901~4930番地）
8913103	西之表市	現和
8913104	西之表市	住吉
8913111	西之表市	西町
8913112	西之表市	栄町
8913113	西之表市	東町
8913114	西之表市	池田
8913115	西之表市	天神町
8913116	西之表市	鴨女町
8913117	西之表市	桜が丘
8913118	西之表市	馬毛島
8913202	西之表市	安納（その他）
8913221	西之表市	伊関
8913222	西之表市	国上
8913431	西之表市	古田
8913432	西之表市	安城
8913600	熊毛郡中種子町	以下に掲載がない場合
8913601	熊毛郡中種子町	納官
8913602	熊毛郡中種子町	牧川
8913603	熊毛郡中種子町	増田
8913604	熊毛郡中種子町	野間
8913605	熊毛郡中種子町	油久
8913606	熊毛郡中種子町	坂井
8913607	熊毛郡中種子町	田島
8913701	熊毛郡南種子町	中之上
8913702	熊毛郡南種子町	平山
8913703	熊毛郡南種子町	茎永
8913704	熊毛郡南種子町	中之下
8913705	熊毛郡南種子町	西之
8913706	熊毛郡南種子町	島間
8914200	熊毛郡屋久島町	以下に掲載がない場合
8914201	熊毛郡屋久島町	永田
8914202	熊毛郡屋久島町	吉田
8914203	熊毛郡屋久島町	一湊
8914204	熊毛郡屋久島町	志戸子
8914205	熊毛郡屋久島町	宮之浦
8914206	熊毛郡屋久島町	楠川
8914207	熊毛郡屋久島町	小瀬田
8914208	熊毛郡屋久島町	口永良部島
8914311	熊毛郡屋久島町	安房
8914312	熊毛郡屋久島町	船行
8914401	熊毛郡屋久島町	麦生（高平）
8914402	熊毛郡屋久島町	麦生（その他）
8914403	熊毛郡屋久島町	原
8914404	熊毛郡屋久島町	尾之間
8914405	熊毛郡屋久島町	小島
8914406	熊毛郡屋久島町	平内
8914407	熊毛郡屋久島町	湯泊
8914408	熊毛郡屋久島町	中間
8914409	熊毛郡屋久島町	栗生
8915101	鹿児島郡十島村	口之島
8915200	鹿児島郡十島村	以下に掲載がない場合
8915201	鹿児島郡十島村	中之島
8915202	鹿児島郡十島村	平島
8915203	鹿児島郡十島村	諏訪之瀬島
8915204	鹿児島郡十島村	悪石島
8915205	鹿児島郡十島村	小宝島
8915301	鹿児島郡十島村	宝島
8916141	大島郡喜界町	伊実久
8916142	大島郡喜界町	小野津
8916143	大島郡喜界町	志戸桶
8916144	大島郡喜界町	佐手久
8916151	大島郡喜界町	塩道
8916152	大島郡喜界町	早町
8916153	大島郡喜界町	長嶺
8916154	大島郡喜界町	白水
8916161	大島郡喜界町	嘉鈍
8916162	大島郡喜界町	阿伝
8916163	大島郡喜界町	花良治（蒲生）
8916164	大島郡喜界町	花良治
8916200	大島郡喜界町	以下に掲載がない場合
8916201	大島郡喜界町	赤連
8916202	大島郡喜界町	湾
8916203	大島郡喜界町	中里
8916211	大島郡喜界町	中間
8916212	大島郡喜界町	中熊（先内）
8916213	大島郡喜界町	大朝戸
8916214	大島郡喜界町	西目
8916215	大島郡喜界町	中熊
8916216	大島郡喜界町	坂嶺
8916217	大島郡喜界町	伊砂
8916221	大島郡喜界町	池治
8916222	大島郡喜界町	島中
8916223	大島郡喜界町	滝川
8916224	大島郡喜界町	城久
8916225	大島郡喜界町	山田
8916226	大島郡喜界町	羽里
8916227	大島郡喜界町	川嶺
8916228	大島郡喜界町	浦原
8916229	大島郡喜界町	先山
8916231	大島郡喜界町	荒木
8916232	大島郡喜界町	手久津久
8916233	大島郡喜界町	上嘉鉄
8917100	大島郡徳之島町	以下に掲載がない場合
8917101	大島郡徳之島町	亀津
8917102	大島郡徳之島町	亀徳
8917103	大島郡徳之島町	南原
8917104	大島郡徳之島町	尾母
8917105	大島郡徳之島町	白井
8917111	大島郡徳之島町	徳和瀬
8917112	大島郡徳之島町	諸田
8917113	大島郡徳之島町	神之嶺
8917114	大島郡徳之島町	井之川
8917115	大島郡徳之島町	下久志
8917116	大島郡徳之島町	旭ケ丘
8917421	大島郡徳之島町	手々
8917422	大島郡徳之島町	金見
8917423	大島郡徳之島町	山
8917424	大島郡徳之島町	轟木
8917425	大島郡徳之島町	花徳
8917426	大島郡徳之島町	母間
8917600	大島郡天城町	以下に掲載がない場合
8917601	大島郡天城町	与名間
8917602	大島郡天城町	松原
8917603	大島郡天城町	岡前
8917604	大島郡天城町	前野
8917605	大島郡天城町	浅間
8917611	大島郡天城町	天城
8917612	大島郡天城町	平土野
8917621	大島郡天城町	兼久
8917622	大島郡天城町	大津川
8917623	大島郡天城町	瀬滝
8917624	大島郡天城町	当部
8917731	大島郡天城町	西阿木名
8918111	大島郡伊仙町	喜念
8918112	大島郡伊仙町	佐弁
8918113	大島郡伊仙町	目手久
8918114	大島郡伊仙町	面縄
8918115	大島郡伊仙町	古里
8918116	大島郡伊仙町	検福（その他）
8918117	大島郡伊仙町	中山
8918201	大島郡伊仙町	伊仙
8918216	大島郡伊仙町	検福（416~516番地）
8918221	大島郡伊仙町	阿三（799の1~867番地）
8918300	大島郡伊仙町	以下に掲載がない場合
8918321	大島郡伊仙町	阿三（その他）
8918322	大島郡伊仙町	阿権
8918323	大島郡伊仙町	木之香
8918324	大島郡伊仙町	糸木名
8918325	大島郡伊仙町	八重竿
8918326	大島郡伊仙町	馬根
8918327	大島郡伊仙町	犬田布
8918328	大島郡伊仙町	崎原
8918329	大島郡伊仙町	小島
8919100	大島郡和泊町	以下に掲載がない場合
8919101	大島郡和泊町	国頭
8919102	大島郡和泊町	喜美留
8919103	大島郡和泊町	出花
8919104	大島郡和泊町	西原
8919111	大島郡和泊町	手々知名
8919112	大島郡和泊町	和泊
8919113	大島郡和泊町	和
8919114	大島郡和泊町	畦布
8919115	大島郡和泊町	伊延
8919116	大島郡和泊町	上手々知名
8919121	大島郡和泊町	根折
8919122	大島郡和泊町	玉城
8919123	大島郡和泊町	皆川
8919124	大島郡和泊町	古里
8919125	大島郡和泊町	大城
8919131	大島郡和泊町	内城
8919132	大島郡和泊町	後蘭
8919133	大島郡和泊町	谷山
8919134	大島郡和泊町	仁志
8919135	大島郡和泊町	永嶺
8919136	大島郡和泊町	瀬名
8919200	大島郡知名町	以下に掲載がない場合
8919201	大島郡知名町	余多
8919202	大島郡知名町	屋者
8919203	大島郡知名町	下平川
8919204	大島郡知名町	上平川
8919205	大島郡知名町	久志検
8919206	大島郡知名町	赤嶺
8919207	大島郡知名町	竿津
8919211	大島郡知名町	芦清良
8919212	大島郡知名町	黒貫
8919213	大島郡知名町	瀬利覚
8919214	大島郡知名町	知名
8919215	大島郡知名町	屋子母
8919221	大島郡知名町	大津勘
8919222	大島郡知名町	徳時
8919223	大島郡知名町	住吉
8919224	大島郡知名町	正名
8919231	大島郡知名町	田皆
8919232	大島郡知名町	新城
8919233	大島郡知名町	下城
8919234	大島郡知名町	上城
8919300	大島郡与論町	以下に掲載がない場合
8919301	大島郡与論町	茶花
8919302	大島郡与論町	立長
8919303	大島郡与論町	城
8919304	大島郡与論町	朝戸
8919305	大島郡与論町	西区
8919306	大島郡与論町	東区
8919307	大島郡与論町	古里
8919308	大島郡与論町	那間
8919309	大島郡与論町	叶
8940000	奄美市	以下に掲載がない場合
8940001	奄美市	名瀬大熊
8940002	奄美市	名瀬有屋
8940003	奄美市	名瀬仲勝
8940004	奄美市	名瀬鳩浜町
8940005	奄美市	名瀬佐大熊町
8940006	奄美市	名瀬小浜町
8940007	奄美市	名瀬和光町
8940008	奄美市	名瀬浦上（その他）
8940011	奄美市	名瀬安勝町
8940012	奄美市	名瀬小俣町
8940013	奄美市	名瀬春日町
8940014	奄美市	名瀬平田町
8940015	奄美市	名瀬真名津町
8940016	奄美市	名瀬古田町
8940017	奄美市	名瀬石橋町
8940021	奄美市	名瀬伊津部町
8940022	奄美市	名瀬久里町
8940023	奄美市	名瀬永田町
8940024	奄美市	名瀬井根町
8940025	奄美市	名瀬幸町
8940026	奄美市	名瀬港町
8940027	奄美市	名瀬末広町
8940031	奄美市	名瀬金久町
8940032	奄美市	名瀬柳町
8940033	奄美市	名瀬矢之脇町
8940034	奄美市	名瀬入舟町
8940035	奄美市	名瀬塩浜町
8940036	奄美市	名瀬長浜町
8940041	奄美市	名瀬朝仁新町
8940042	奄美市	名瀬朝仁町
8940043	奄美市	名瀬朝仁
8940044	奄美市	名瀬浜里町
8940045	奄美市	名瀬平松町
8940046	奄美市	名瀬小宿
8940047	奄美市	名瀬知名瀬
8940048	奄美市	名瀬根瀬部
8940061	奄美市	名瀬朝日町
8940062	奄美市	名瀬有屋町
8940063	奄美市	名瀬仲勝町
8940068	奄美市	名瀬浦上町
8940100	大島郡龍郷町	以下に掲載がない場合
8940101	大島郡龍郷町	屋入
8940102	大島郡龍郷町	瀬留
8940103	大島郡龍郷町	玉里
8940104	大島郡龍郷町	浦
8940105	大島郡龍郷町	大勝
8940106	大島郡龍郷町	中勝
8940107	大島郡龍郷町	戸口
8940108	奄美市	名瀬浦上（小又）
8940321	大島郡龍郷町	龍郷
8940322	大島郡龍郷町	久場
8940323	大島郡龍郷町	安木屋場
8940324	大島郡龍郷町	円
8940331	大島郡龍郷町	嘉渡
8940332	大島郡龍郷町	幾里
8940333	大島郡龍郷町	秋名
8940351	奄美市	名瀬芦花部
8940352	奄美市	名瀬有良
8940411	大島郡龍郷町	赤尾木
8940412	大島郡龍郷町	芦徳
8940501	奄美市	笠利町宇宿
8940502	奄美市	笠利町万屋
8940503	奄美市	笠利町和野
8940504	奄美市	笠利町節田
8940505	奄美市	笠利町平
8940506	奄美市	笠利町手花部
8940507	奄美市	笠利町喜瀬
8940508	奄美市	笠利町用安
8940511	奄美市	笠利町里
8940512	奄美市	笠利町中金久
8940513	奄美市	笠利町外金久
8940621	奄美市	笠利町用
8940622	奄美市	笠利町笠利
8940623	奄美市	笠利町辺留
8940624	奄美市	笠利町須野
8940625	奄美市	笠利町川上
8940626	奄美市	笠利町屋仁
8940627	奄美市	笠利町佐仁
8940771	奄美市	名瀬小湊
8940772	奄美市	名瀬西仲勝
8940773	奄美市	名瀬朝戸
8940774	奄美市	名瀬伊津部勝
8940775	奄美市	名瀬名瀬勝
8940776	奄美市	名瀬崎原
8941111	奄美市	住用町城
8941112	奄美市	住用町和瀬
8941113	奄美市	住用町見里
8941114	奄美市	住用町東仲間
8941115	奄美市	住用町川内
8941116	奄美市	住用町摺勝
8941201	奄美市	住用町石原
8941202	奄美市	住用町西仲間
8941203	奄美市	住用町神屋
8941204	奄美市	住用町山間（その他）
8941205	奄美市	住用町役勝
8941304	奄美市	住用町山間（493~592番地、戸玉）
8941321	奄美市	住用町市
8941500	大島郡瀬戸内町	以下に掲載がない場合
8941501	大島郡瀬戸内町	古仁屋（高丘）
8941502	大島郡瀬戸内町	古仁屋（宮前）
8941503	大島郡瀬戸内町	古仁屋（大湊）
8941504	大島郡瀬戸内町	古仁屋（春日）
8941505	大島郡瀬戸内町	古仁屋（松江）
8941506	大島郡瀬戸内町	古仁屋（船津）
8941507	大島郡瀬戸内町	古仁屋（瀬久井）
8941508	大島郡瀬戸内町	古仁屋
8941509	大島郡瀬戸内町	古仁屋瀬久井東
8941510	大島郡瀬戸内町	古仁屋瀬久井西
8941511	大島郡瀬戸内町	阿木名
8941512	大島郡瀬戸内町	勝浦
8941513	大島郡瀬戸内町	網野子
8941514	大島郡瀬戸内町	節子
8941515	大島郡瀬戸内町	嘉徳
8941521	大島郡瀬戸内町	清水
8941522	大島郡瀬戸内町	嘉鉄
8941523	大島郡瀬戸内町	蘇刈
8941524	大島郡瀬戸内町	伊須
8941531	大島郡瀬戸内町	手安
8941741	大島郡瀬戸内町	篠川
8941742	大島郡瀬戸内町	阿室釜
8941743	大島郡瀬戸内町	小名瀬
8941744	大島郡瀬戸内町	阿鉄
8941745	大島郡瀬戸内町	油井
8941746	大島郡瀬戸内町	久根津
8941851	大島郡瀬戸内町	久慈
8941852	大島郡瀬戸内町	古志
8941853	大島郡瀬戸内町	花天
8941854	大島郡瀬戸内町	管鈍
8941855	大島郡瀬戸内町	西古見
8942141	大島郡瀬戸内町	諸鈍
8942142	大島郡瀬戸内町	生間
8942143	大島郡瀬戸内町	渡連
8942144	大島郡瀬戸内町	諸数
8942231	大島郡瀬戸内町	押角
8942232	大島郡瀬戸内町	勝能
8942233	大島郡瀬戸内町	野見山
8942234	大島郡瀬戸内町	秋徳
8942235	大島郡瀬戸内町	於斉
8942236	大島郡瀬戸内町	伊子茂
8942237	大島郡瀬戸内町	花富
8942321	大島郡瀬戸内町	西阿室
8942322	大島郡瀬戸内町	瀬相
8942323	大島郡瀬戸内町	俵
8942401	大島郡瀬戸内町	瀬武
8942402	大島郡瀬戸内町	薩川
8942403	大島郡瀬戸内町	実久
8942404	大島郡瀬戸内町	芝
8942411	大島郡瀬戸内町	阿多地
8942412	大島郡瀬戸内町	須子茂
8942413	大島郡瀬戸内町	嘉入
8942414	大島郡瀬戸内町	三浦
8942415	大島郡瀬戸内町	知之浦
8942416	大島郡瀬戸内町	武名
8942417	大島郡瀬戸内町	木慈
8942501	大島郡瀬戸内町	池地
8942502	大島郡瀬戸内町	請阿室
8942601	大島郡瀬戸内町	与路
8943100	大島郡大和村	以下に掲載がない場合
8943101	大島郡大和村	国直
8943102	大島郡大和村	湯湾釜
8943103	大島郡大和村	津名久
8943104	大島郡大和村	思勝
8943105	大島郡大和村	大和浜
8943106	大島郡大和村	大棚
8943107	大島郡大和村	大金久
8943211	大島郡大和村	戸円
8943212	大島郡大和村	名音
8943213	大島郡大和村	志戸勘
8943214	大島郡大和村	今里
8943300	大島郡宇検村	以下に掲載がない場合
8943301	大島郡宇検村	湯湾
8943302	大島郡宇検村	芦検
8943303	大島郡宇検村	田検
8943304	大島郡宇検村	須古
8943305	大島郡宇検村	石良
8943411	大島郡宇検村	宇検
8943412	大島郡宇検村	久志
8943413	大島郡宇検村	生勝
8943521	大島郡宇検村	名柄
8943522	大島郡宇検村	佐念
8943523	大島郡宇検村	部連
8943631	大島郡宇検村	平田
8943632	大島郡宇検村	阿室
8943633	大島郡宇検村	屋鈍
8961101	薩摩川内市	里町里
8961201	薩摩川内市	上甑町中甑
8961202	薩摩川内市	上甑町中野
8961203	薩摩川内市	上甑町江石
8961204	薩摩川内市	上甑町小島
8961205	薩摩川内市	上甑町瀬上
8961206	薩摩川内市	上甑町桑之浦
8961281	薩摩川内市	上甑町平良
8961301	薩摩川内市	鹿島町藺牟田
8961411	薩摩川内市	下甑町長浜
8961412	薩摩川内市	下甑町瀬々野浦（1700番地~、内川内）
8961512	薩摩川内市	下甑町瀬々野浦（その他）
8961521	薩摩川内市	下甑町青瀬
8961601	薩摩川内市	下甑町手打
8961602	薩摩川内市	下甑町片野浦
8991501	出水郡長島町	獅子島
9011501	南城市	知念久高
9013100	島尻郡久米島町	以下に掲載がない場合
9013101	島尻郡久米島町	宇江城
9013102	島尻郡久米島町	比屋定
9013103	島尻郡久米島町	阿嘉
9013104	島尻郡久米島町	真謝
9013105	島尻郡久米島町	宇根
9013106	島尻郡久米島町	奥武
9013107	島尻郡久米島町	謝名堂
9013108	島尻郡久米島町	比嘉
9013111	島尻郡久米島町	山城
9013112	島尻郡久米島町	真我里
9013113	島尻郡久米島町	銭田
9013114	島尻郡久米島町	島尻
9013115	島尻郡久米島町	儀間
9013121	島尻郡久米島町	嘉手苅
9013122	島尻郡久米島町	兼城
9013123	島尻郡久米島町	大田
9013124	島尻郡久米島町	仲泊
9013125	島尻郡久米島町	鳥島
9013131	島尻郡久米島町	西銘
9013132	島尻郡久米島町	大原
9013133	島尻郡久米島町	北原
9013134	島尻郡久米島町	具志川
9013135	島尻郡久米島町	仲村渠
9013136	島尻郡久米島町	仲地
9013137	島尻郡久米島町	山里
9013138	島尻郡久米島町	上江洲
9013311	島尻郡座間味村	阿嘉
9013312	島尻郡座間味村	慶留間
9013400	島尻郡座間味村	以下に掲載がない場合
9013401	島尻郡座間味村	阿佐
9013402	島尻郡座間味村	座間味
9013403	島尻郡座間味村	阿真
9013500	島尻郡渡嘉敷村	以下に掲載がない場合
9013501	島尻郡渡嘉敷村	渡嘉敷
9013502	島尻郡渡嘉敷村	阿波連
9013601	島尻郡渡名喜村	渡名喜村一円
9013700	島尻郡粟国村	以下に掲載がない場合
9013701	島尻郡粟国村	浜
9013702	島尻郡粟国村	東
9013703	島尻郡粟国村	西
9013800	島尻郡南大東村	以下に掲載がない場合
9013801	島尻郡南大東村	北
9013802	島尻郡南大東村	新東
9013803	島尻郡南大東村	旧東
9013804	島尻郡南大東村	南
9013805	島尻郡南大東村	在所
9013806	島尻郡南大東村	池之沢
9013900	島尻郡北大東村	以下に掲載がない場合
9013901	島尻郡北大東村	南
9013902	島尻郡北大東村	中野
9013903	島尻郡北大東村	港
9042315	うるま市	勝連浜
9042316	うるま市	勝連比嘉
9042317	うるま市	勝連津堅
9042421	うるま市	与那城伊計
9042422	うるま市	与那城池味
9042423	うるま市	与那城宮城
9042424	うるま市	与那城上原
9042425	うるま市	与那城桃原
9042426	うるま市	与那城平安座
9042427	うるま市	与那城屋平
9042428	うるま市	与那城平宮
9050500	国頭郡伊江村	以下に掲載がない場合
9050501	国頭郡伊江村	東江上
9050502	国頭郡伊江村	東江前
9050503	国頭郡伊江村	川平
9050504	国頭郡伊江村	西江前
9050505	国頭郡伊江村	西江上
9050600	島尻郡伊是名村	以下に掲載がない場合
9050601	島尻郡伊是名村	内花
9050602	島尻郡伊是名村	諸見
9050603	島尻郡伊是名村	仲田
9050604	島尻郡伊是名村	伊是名
9050605	島尻郡伊是名村	勢理客
9050700	島尻郡伊平屋村	以下に掲載がない場合
9050701	島尻郡伊平屋村	田名
9050702	島尻郡伊平屋村	前泊
9050703	島尻郡伊平屋村	我喜屋
9050704	島尻郡伊平屋村	島尻
9050705	島尻郡伊平屋村	野甫
9060000	宮古島市	以下に掲載がない場合
9060001	宮古島市	平良大神
9060002	宮古島市	平良狩俣
9060003	宮古島市	平良島尻
9060004	宮古島市	平良大浦
9060005	宮古島市	平良西原
9060006	宮古島市	平良西仲宗根
9060007	宮古島市	平良東仲宗根
9060008	宮古島市	平良荷川取
9060011	宮古島市	平良東仲宗根添
9060012	宮古島市	平良西里
9060013	宮古島市	平良下里
9060014	宮古島市	平良松原
9060015	宮古島市	平良久貝
9060101	宮古島市	城辺保良
9060102	宮古島市	城辺新城
9060103	宮古島市	城辺福里
9060104	宮古島市	城辺比嘉
9060105	宮古島市	城辺長間
9060106	宮古島市	城辺西里添
9060107	宮古島市	城辺友利
9060108	宮古島市	城辺砂川
9060109	宮古島市	城辺下里添
9060201	宮古島市	上野野原
9060202	宮古島市	上野新里
9060203	宮古島市	上野宮国
9060204	宮古島市	上野上野
9060301	宮古島市	下地川満
9060302	宮古島市	下地嘉手苅
9060303	宮古島市	下地洲鎌
9060304	宮古島市	下地上地
9060305	宮古島市	下地与那覇
9060306	宮古島市	下地来間
9060421	宮古島市	平良池間
9060422	宮古島市	平良前里
9060501	宮古島市	伊良部前里添
9060502	宮古島市	伊良部池間添
9060503	宮古島市	伊良部伊良部
9060504	宮古島市	伊良部仲地
9060505	宮古島市	伊良部国仲
9060506	宮古島市	伊良部長浜
9060507	宮古島市	伊良部佐和田
9060600	宮古郡多良間村	以下に掲載がない場合
9060601	宮古郡多良間村	塩川
9060602	宮古郡多良間村	仲筋
9060603	宮古郡多良間村	水納
9070000	八重山郡竹富町	以下に掲載がない場合
9070001	石垣市	大浜
9070002	石垣市	真栄里
9070003	石垣市	平得
9070004	石垣市	登野城
9070011	石垣市	八島町
9070012	石垣市	美崎町
9070013	石垣市	浜崎町
9070014	石垣市	新栄町
9070021	石垣市	名蔵
9070022	石垣市	大川
9070023	石垣市	石垣
9070024	石垣市	新川
9070241	石垣市	桃里
9070242	石垣市	白保
9070243	石垣市	宮良
9070331	石垣市	平久保
9070332	石垣市	伊原間
9070333	石垣市	野底
9070451	石垣市	桴海
9070452	石垣市	崎枝
9070453	石垣市	川平
9071101	八重山郡竹富町	竹富
9071221	八重山郡竹富町	小浜
9071311	八重山郡竹富町	黒島
9071431	八重山郡竹富町	高那
9071432	八重山郡竹富町	古見
9071433	八重山郡竹富町	南風見仲
9071434	八重山郡竹富町	南風見
9071435	八重山郡竹富町	新城
9071541	八重山郡竹富町	上原
9071542	八重山郡竹富町	西表
9071543	八重山郡竹富町	崎山
9071544	八重山郡竹富町	鳩間
9071751	八重山郡竹富町	波照間
9071800	八重山郡与那国町	以下に掲載がない場合
9071801	八重山郡与那国町	与那国
